PassengerId,Transported
2000,FALSE
2001,FALSE
2002,FALSE
2003,TRUE
2004,FALSE
2005,TRUE
2006,FALSE
2007,FALSE
2008,TRUE
2009,TRUE
2010,TRUE
2011,TRUE
2012,TRUE
2013,FALSE
2014,TRUE
2015,TRUE
2016,FALSE
2017,TRUE
2018,TRUE
2019,TRUE
2020,TRUE
2021,FALSE
2022,FALSE
2023,FALSE
2024,TRUE
2025,TRUE
2026,TRUE
2027,TRUE
2028,TRUE
2029,TRUE
2030,TRUE
2031,TRUE
2032,FALSE
2033,FALSE
2034,FALSE
2035,TRUE
2036,TRUE
2037,TRUE
2038,TRUE
2039,FALSE
2040,TRUE
2041,FALSE
2042,TRUE
2043,FALSE
2044,TRUE
2045,FALSE
2046,FALSE
2047,TRUE
2048,FALSE
2049,FALSE
2050,TRUE
2051,TRUE
2052,TRUE
2053,TRUE
2054,FALSE
2055,FALSE
2056,TRUE
2057,FALSE
2058,TRUE
2059,FALSE
2060,TRUE
2061,FALSE
2062,FALSE
2063,TRUE
2064,TRUE
2065,TRUE
2066,TRUE
2067,FALSE
2068,FALSE
2069,TRUE
2070,TRUE
2071,FALSE
2072,FALSE
2073,TRUE
2074,FALSE
2075,FALSE
2076,FALSE
2077,TRUE
2078,TRUE
2079,FALSE
2080,FALSE
2081,TRUE
2082,FALSE
2083,TRUE
2084,TRUE
2085,FALSE
2086,FALSE
2087,FALSE
2088,FALSE
2089,FALSE
2090,FALSE
2091,TRUE
2092,TRUE
2093,TRUE
2094,TRUE
2095,TRUE
2096,TRUE
2097,FALSE
2098,TRUE
2099,FALSE
2100,FALSE
2101,TRUE
2102,TRUE
2103,FALSE
2104,FALSE
2105,TRUE
2106,FALSE
2107,FALSE
2108,FALSE
2109,TRUE
2110,TRUE
2111,TRUE
2112,FALSE
2113,TRUE
2114,FALSE
2115,TRUE
2116,FALSE
2117,FALSE
2118,TRUE
2119,FALSE
2120,FALSE
2121,FALSE
2122,TRUE
2123,FALSE
2124,TRUE
2125,TRUE
2126,TRUE
2127,TRUE
2128,TRUE
2129,FALSE
2130,TRUE
2131,FALSE
2132,TRUE
2133,TRUE
2134,TRUE
2135,TRUE
2136,TRUE
2137,FALSE
2138,TRUE
2139,TRUE
2140,FALSE
2141,FALSE
2142,FALSE
2143,TRUE
2144,TRUE
2145,TRUE
2146,TRUE
2147,TRUE
2148,FALSE
2149,TRUE
2150,FALSE
2151,TRUE
2152,TRUE
2153,TRUE
2154,FALSE
2155,FALSE
2156,FALSE
2157,TRUE
2158,FALSE
2159,FALSE
2160,FALSE
2161,FALSE
2162,TRUE
2163,FALSE
2164,FALSE
2165,TRUE
2166,TRUE
2167,TRUE
2168,TRUE
2169,TRUE
2170,TRUE
2171,TRUE
2172,TRUE
2173,TRUE
2174,TRUE
2175,FALSE
2176,FALSE
2177,FALSE
2178,TRUE
2179,TRUE
2180,FALSE
2181,TRUE
2182,TRUE
2183,FALSE
2184,FALSE
2185,TRUE
2186,FALSE
2187,FALSE
2188,TRUE
2189,TRUE
2190,TRUE
2191,TRUE
2192,FALSE
2193,TRUE
2194,FALSE
2195,FALSE
2196,TRUE
2197,FALSE
2198,TRUE
2199,TRUE
2200,TRUE
2201,FALSE
2202,TRUE
2203,FALSE
2204,TRUE
2205,TRUE
2206,TRUE
2207,TRUE
2208,TRUE
2209,TRUE
2210,TRUE
2211,FALSE
2212,TRUE
2213,FALSE
2214,TRUE
2215,FALSE
2216,FALSE
2217,TRUE
2218,FALSE
2219,TRUE
2220,TRUE
2221,TRUE
2222,TRUE
2223,FALSE
2224,FALSE
2225,TRUE
2226,FALSE
2227,TRUE
2228,FALSE
2229,FALSE
2230,TRUE
2231,TRUE
2232,TRUE
2233,TRUE
2234,TRUE
2235,TRUE
2236,TRUE
2237,TRUE
2238,TRUE
2239,TRUE
2240,FALSE
2241,TRUE
2242,FALSE
2243,FALSE
2244,TRUE
2245,FALSE
2246,TRUE
2247,TRUE
2248,TRUE
2249,FALSE
2250,TRUE
2251,FALSE
2252,TRUE
2253,TRUE
2254,FALSE
2255,TRUE
2256,TRUE
2257,TRUE
2258,TRUE
2259,TRUE
2260,FALSE
2261,TRUE
2262,FALSE
2263,TRUE
2264,TRUE
2265,FALSE
2266,TRUE
2267,TRUE
2268,TRUE
2269,FALSE
2270,TRUE
2271,FALSE
2272,FALSE
2273,FALSE
2274,TRUE
2275,TRUE
2276,TRUE
2277,FALSE
2278,FALSE
2279,FALSE
2280,FALSE
2281,TRUE
2282,TRUE
2283,TRUE
2284,TRUE
2285,TRUE
2286,FALSE
2287,TRUE
2288,FALSE
2289,TRUE
2290,FALSE
2291,FALSE
2292,TRUE
2293,TRUE
2294,TRUE
2295,FALSE
2296,FALSE
2297,TRUE
2298,TRUE
2299,TRUE
2300,TRUE
2301,FALSE
2302,FALSE
2303,FALSE
2304,TRUE
2305,FALSE
2306,TRUE
2307,TRUE
2308,TRUE
2309,FALSE
2310,TRUE
2311,FALSE
2312,TRUE
2313,TRUE
2314,TRUE
2315,FALSE
2316,TRUE
2317,FALSE
2318,FALSE
2319,TRUE
2320,FALSE
2321,FALSE
2322,TRUE
2323,FALSE
2324,TRUE
2325,FALSE
2326,FALSE
2327,FALSE
2328,TRUE
2329,TRUE
2330,TRUE
2331,TRUE
2332,TRUE
2333,TRUE
2334,TRUE
2335,TRUE
2336,TRUE
2337,TRUE
2338,TRUE
2339,FALSE
2340,TRUE
2341,TRUE
2342,FALSE
2343,FALSE
2344,FALSE
2345,TRUE
2346,TRUE
2347,TRUE
2348,FALSE
2349,TRUE
2350,FALSE
2351,FALSE
2352,TRUE
2353,FALSE
2354,TRUE
2355,FALSE
2356,TRUE
2357,TRUE
2358,FALSE
2359,FALSE
2360,FALSE
2361,FALSE
2362,TRUE
2363,FALSE
2364,FALSE
2365,FALSE
2366,TRUE
2367,FALSE
2368,FALSE
2369,FALSE
2370,TRUE
2371,TRUE
2372,TRUE
2373,TRUE
2374,FALSE
2375,FALSE
2376,FALSE
2377,FALSE
2378,FALSE
2379,TRUE
2380,FALSE
2381,FALSE
2382,TRUE
2383,TRUE
2384,FALSE
2385,TRUE
2386,FALSE
2387,FALSE
2388,FALSE
2389,FALSE
2390,TRUE
2391,FALSE
2392,FALSE
2393,FALSE
2394,FALSE
2395,FALSE
2396,TRUE
2397,FALSE
2398,FALSE
2399,FALSE
2400,TRUE
2401,FALSE
2402,TRUE
2403,FALSE
2404,FALSE
2405,TRUE
2406,FALSE
2407,TRUE
2408,FALSE
2409,TRUE
2410,TRUE
2411,FALSE
2412,TRUE
2413,FALSE
2414,FALSE
2415,FALSE
2416,FALSE
2417,TRUE
2418,TRUE
2419,TRUE
2420,TRUE
2421,FALSE
2422,FALSE
2423,FALSE
2424,TRUE
2425,TRUE
2426,FALSE
2427,TRUE
2428,TRUE
2429,FALSE
2430,FALSE
2431,TRUE
2432,TRUE
2433,TRUE
2434,TRUE
2435,FALSE
2436,FALSE
2437,FALSE
2438,TRUE
2439,FALSE
2440,TRUE
2441,TRUE
2442,TRUE
2443,TRUE
2444,TRUE
2445,TRUE
2446,FALSE
2447,TRUE
2448,TRUE
2449,FALSE
2450,FALSE
2451,TRUE
2452,TRUE
2453,FALSE
2454,TRUE
2455,FALSE
2456,TRUE
2457,TRUE
2458,TRUE
2459,TRUE
2460,FALSE
2461,TRUE
2462,TRUE
2463,FALSE
2464,FALSE
2465,FALSE
2466,FALSE
2467,TRUE
2468,FALSE
2469,FALSE
2470,TRUE
2471,TRUE
2472,TRUE
2473,TRUE
2474,TRUE
2475,TRUE
2476,FALSE
2477,TRUE
2478,FALSE
2479,TRUE
2480,FALSE
2481,TRUE
2482,FALSE
2483,TRUE
2484,TRUE
2485,FALSE
2486,FALSE
2487,FALSE
2488,TRUE
2489,TRUE
2490,TRUE
2491,TRUE
2492,TRUE
2493,TRUE
2494,TRUE
2495,FALSE
2496,FALSE
2497,TRUE
2498,FALSE
2499,FALSE
2500,TRUE
2501,FALSE
2502,FALSE
2503,TRUE
2504,FALSE
2505,TRUE
2506,FALSE
2507,TRUE
2508,TRUE
2509,TRUE
2510,FALSE
2511,TRUE
2512,TRUE
2513,FALSE
2514,TRUE
2515,FALSE
2516,TRUE
2517,FALSE
2518,TRUE
2519,TRUE
2520,FALSE
2521,FALSE
2522,TRUE
2523,FALSE
2524,FALSE
2525,FALSE
2526,TRUE
2527,FALSE
2528,FALSE
2529,FALSE
2530,TRUE
2531,TRUE
2532,FALSE
2533,FALSE
2534,TRUE
2535,FALSE
2536,FALSE
2537,TRUE
2538,FALSE
2539,TRUE
2540,TRUE
2541,TRUE
2542,FALSE
2543,TRUE
2544,TRUE
2545,FALSE
2546,FALSE
2547,TRUE
2548,TRUE
2549,FALSE
2550,TRUE
2551,TRUE
2552,TRUE
2553,TRUE
2554,TRUE
2555,FALSE
2556,TRUE
2557,FALSE
2558,TRUE
2559,FALSE
2560,TRUE
2561,FALSE
2562,FALSE
2563,TRUE
2564,FALSE
2565,FALSE
2566,TRUE
2567,TRUE
2568,FALSE
2569,FALSE
2570,TRUE
2571,TRUE
2572,FALSE
2573,FALSE
2574,FALSE
2575,TRUE
2576,FALSE
2577,TRUE
2578,FALSE
2579,TRUE
2580,TRUE
2581,TRUE
2582,FALSE
2583,TRUE
2584,FALSE
2585,FALSE
2586,TRUE
2587,TRUE
2588,FALSE
2589,TRUE
2590,FALSE
2591,TRUE
2592,TRUE
2593,FALSE
2594,TRUE
2595,TRUE
2596,TRUE
2597,FALSE
2598,FALSE
2599,FALSE
2600,FALSE
2601,FALSE
2602,FALSE
2603,FALSE
2604,TRUE
2605,TRUE
2606,TRUE
2607,FALSE
2608,FALSE
2609,TRUE
2610,FALSE
2611,TRUE
2612,FALSE
2613,TRUE
2614,FALSE
2615,TRUE
2616,FALSE
2617,TRUE
2618,TRUE
2619,TRUE
2620,TRUE
2621,TRUE
2622,FALSE
2623,TRUE
2624,TRUE
2625,TRUE
2626,FALSE
2627,FALSE
2628,TRUE
2629,FALSE
2630,TRUE
2631,FALSE
2632,TRUE
2633,TRUE
2634,FALSE
2635,FALSE
2636,TRUE
2637,TRUE
2638,TRUE
2639,FALSE
2640,FALSE
2641,FALSE
2642,TRUE
2643,TRUE
2644,FALSE
2645,FALSE
2646,TRUE
2647,TRUE
2648,FALSE
2649,TRUE
2650,TRUE
2651,FALSE
2652,TRUE
2653,TRUE
2654,TRUE
2655,TRUE
2656,TRUE
2657,FALSE
2658,FALSE
2659,TRUE
2660,TRUE
2661,FALSE
2662,TRUE
2663,TRUE
2664,TRUE
2665,FALSE
2666,TRUE
2667,TRUE
2668,FALSE
2669,TRUE
2670,TRUE
2671,TRUE
2672,FALSE
2673,FALSE
2674,FALSE
2675,FALSE
2676,FALSE
2677,FALSE
2678,TRUE
2679,TRUE
2680,FALSE
2681,FALSE
2682,TRUE
2683,FALSE
2684,FALSE
2685,FALSE
2686,FALSE
2687,FALSE
2688,FALSE
2689,TRUE
2690,TRUE
2691,TRUE
2692,TRUE
2693,TRUE
2694,TRUE
2695,FALSE
2696,FALSE
2697,TRUE
2698,FALSE
2699,TRUE
2700,FALSE
2701,FALSE
2702,TRUE
2703,TRUE
2704,FALSE
2705,FALSE
2706,FALSE
2707,FALSE
2708,FALSE
2709,TRUE
2710,FALSE
2711,TRUE
2712,FALSE
2713,TRUE
2714,TRUE
2715,TRUE
2716,TRUE
2717,TRUE
2718,FALSE
2719,TRUE
2720,TRUE
2721,TRUE
2722,TRUE
2723,FALSE
2724,TRUE
2725,TRUE
2726,TRUE
2727,FALSE
2728,FALSE
2729,FALSE
2730,FALSE
2731,FALSE
2732,TRUE
2733,FALSE
2734,TRUE
2735,TRUE
2736,TRUE
2737,FALSE
2738,FALSE
2739,FALSE
2740,TRUE
2741,TRUE
2742,TRUE
2743,TRUE
2744,TRUE
2745,TRUE
2746,FALSE
2747,FALSE
2748,TRUE
2749,TRUE
2750,FALSE
2751,TRUE
2752,TRUE
2753,FALSE
2754,TRUE
2755,TRUE
2756,TRUE
2757,TRUE
2758,TRUE
2759,TRUE
2760,FALSE
2761,FALSE
2762,TRUE
2763,FALSE
2764,TRUE
2765,FALSE
2766,FALSE
2767,TRUE
2768,FALSE
2769,TRUE
2770,TRUE
2771,TRUE
2772,FALSE
2773,TRUE
2774,TRUE
2775,TRUE
2776,TRUE
2777,TRUE
2778,FALSE
2779,TRUE
2780,TRUE
2781,TRUE
2782,TRUE
2783,FALSE
2784,TRUE
2785,FALSE
2786,TRUE
2787,FALSE
2788,FALSE
2789,FALSE
2790,TRUE
2791,FALSE
2792,FALSE
2793,TRUE
2794,FALSE
2795,TRUE
2796,FALSE
2797,FALSE
2798,TRUE
2799,TRUE
2800,TRUE
2801,FALSE
2802,TRUE
2803,TRUE
2804,TRUE
2805,TRUE
2806,FALSE
2807,TRUE
2808,TRUE
2809,TRUE
2810,FALSE
2811,FALSE
2812,TRUE
2813,TRUE
2814,TRUE
2815,TRUE
2816,FALSE
2817,TRUE
2818,TRUE
2819,TRUE
2820,FALSE
2821,TRUE
2822,TRUE
2823,TRUE
2824,TRUE
2825,TRUE
2826,FALSE
2827,TRUE
2828,TRUE
2829,TRUE
2830,TRUE
2831,FALSE
2832,TRUE
2833,FALSE
2834,TRUE
2835,TRUE
2836,FALSE
2837,FALSE
2838,FALSE
2839,TRUE
2840,TRUE
2841,TRUE
2842,TRUE
2843,TRUE
2844,FALSE
2845,TRUE
2846,FALSE
2847,TRUE
2848,TRUE
2849,FALSE
2850,FALSE
2851,FALSE
2852,TRUE
2853,FALSE
2854,FALSE
2855,TRUE
2856,TRUE
2857,TRUE
2858,FALSE
2859,TRUE
2860,FALSE
2861,TRUE
2862,TRUE
2863,TRUE
2864,TRUE
2865,FALSE
2866,FALSE
2867,TRUE
2868,TRUE
2869,TRUE
2870,TRUE
2871,FALSE
2872,FALSE
2873,FALSE
2874,TRUE
2875,FALSE
2876,FALSE
2877,TRUE
2878,TRUE
2879,FALSE
2880,TRUE
2881,FALSE
2882,FALSE
2883,FALSE
2884,TRUE
2885,TRUE
2886,TRUE
2887,TRUE
2888,TRUE
2889,FALSE
2890,TRUE
2891,TRUE
2892,TRUE
2893,FALSE
2894,TRUE
2895,FALSE
2896,TRUE
2897,FALSE
2898,TRUE
2899,TRUE
2900,FALSE
2901,TRUE
2902,TRUE
2903,TRUE
2904,TRUE
2905,FALSE
2906,FALSE
2907,FALSE
2908,TRUE
2909,TRUE
2910,TRUE
2911,FALSE
2912,TRUE
2913,FALSE
2914,FALSE
2915,TRUE
2916,TRUE
2917,TRUE
2918,FALSE
2919,TRUE
2920,TRUE
2921,TRUE
2922,TRUE
2923,FALSE
2924,TRUE
2925,TRUE
2926,TRUE
2927,TRUE
2928,FALSE
2929,FALSE
2930,TRUE
2931,TRUE
2932,TRUE
2933,FALSE
2934,FALSE
2935,FALSE
2936,TRUE
2937,TRUE
2938,TRUE
2939,TRUE
2940,TRUE
2941,TRUE
2942,FALSE
2943,TRUE
2944,TRUE
2945,TRUE
2946,FALSE
2947,FALSE
2948,FALSE
2949,TRUE
2950,TRUE
2951,FALSE
2952,TRUE
2953,TRUE
2954,TRUE
2955,TRUE
2956,TRUE
2957,TRUE
2958,FALSE
2959,TRUE
2960,FALSE
2961,TRUE
2962,FALSE
2963,TRUE
2964,TRUE
2965,FALSE
2966,TRUE
2967,TRUE
2968,TRUE
2969,FALSE
2970,TRUE
2971,TRUE
2972,FALSE
2973,TRUE
2974,TRUE
2975,TRUE
2976,TRUE
2977,TRUE
2978,FALSE
2979,FALSE
2980,TRUE
2981,TRUE
2982,TRUE
2983,FALSE
2984,TRUE
2985,FALSE
2986,TRUE
2987,FALSE
2988,FALSE
2989,TRUE
2990,TRUE
2991,TRUE
2992,TRUE
2993,FALSE
2994,TRUE
2995,TRUE
2996,TRUE
2997,FALSE
2998,TRUE
2999,TRUE
3000,TRUE
3001,TRUE
3002,FALSE
3003,TRUE
3004,FALSE
3005,TRUE
3006,TRUE
3007,TRUE
3008,TRUE
3009,TRUE
3010,TRUE
3011,FALSE
3012,FALSE
3013,TRUE
3014,TRUE
3015,TRUE
3016,TRUE
3017,TRUE
3018,FALSE
3019,TRUE
3020,FALSE
3021,TRUE
3022,FALSE
3023,TRUE
3024,FALSE
3025,TRUE
3026,TRUE
3027,TRUE
3028,TRUE
3029,FALSE
3030,TRUE
3031,TRUE
3032,TRUE
3033,TRUE
3034,TRUE
3035,TRUE
3036,TRUE
3037,FALSE
3038,FALSE
3039,TRUE
3040,TRUE
3041,TRUE
3042,TRUE
3043,FALSE
3044,TRUE
3045,FALSE
3046,FALSE
3047,FALSE
3048,FALSE
3049,FALSE
3050,FALSE
3051,FALSE
3052,TRUE
3053,TRUE
3054,FALSE
3055,FALSE
3056,TRUE
3057,FALSE
3058,FALSE
3059,FALSE
3060,TRUE
3061,FALSE
3062,FALSE
3063,FALSE
3064,TRUE
3065,TRUE
3066,FALSE
3067,TRUE
3068,FALSE
3069,FALSE
3070,FALSE
3071,TRUE
3072,FALSE
3073,FALSE
3074,FALSE
3075,FALSE
3076,TRUE
3077,FALSE
3078,FALSE
3079,TRUE
3080,FALSE
3081,TRUE
3082,TRUE
3083,TRUE
3084,FALSE
3085,TRUE
3086,FALSE
3087,TRUE
3088,FALSE
3089,TRUE
3090,FALSE
3091,FALSE
3092,TRUE
3093,TRUE
3094,FALSE
3095,FALSE
3096,TRUE
3097,FALSE
3098,TRUE
3099,FALSE
3100,FALSE
3101,TRUE
3102,FALSE
3103,TRUE
3104,TRUE
3105,TRUE
3106,FALSE
3107,TRUE
3108,TRUE
3109,FALSE
3110,TRUE
3111,FALSE
3112,TRUE
3113,FALSE
3114,TRUE
3115,FALSE
3116,TRUE
3117,FALSE
3118,TRUE
3119,TRUE
3120,FALSE
3121,FALSE
3122,TRUE
3123,TRUE
3124,TRUE
3125,FALSE
3126,FALSE
3127,TRUE
3128,FALSE
3129,FALSE
3130,TRUE
3131,TRUE
3132,TRUE
3133,FALSE
3134,TRUE
3135,FALSE
3136,TRUE
3137,TRUE
3138,TRUE
3139,TRUE
3140,TRUE
3141,TRUE
3142,TRUE
3143,FALSE
3144,TRUE
3145,FALSE
3146,TRUE
3147,TRUE
3148,TRUE
3149,TRUE
3150,TRUE
3151,TRUE
3152,TRUE
3153,TRUE
3154,TRUE
3155,FALSE
3156,FALSE
3157,TRUE
3158,FALSE
3159,FALSE
3160,TRUE
3161,TRUE
3162,FALSE
3163,FALSE
3164,FALSE
3165,FALSE
3166,FALSE
3167,FALSE
3168,TRUE
3169,TRUE
3170,TRUE
3171,FALSE
3172,TRUE
3173,TRUE
3174,FALSE
3175,FALSE
3176,TRUE
3177,FALSE
3178,TRUE
3179,TRUE
3180,TRUE
3181,TRUE
3182,FALSE
3183,FALSE
3184,FALSE
3185,FALSE
3186,TRUE
3187,FALSE
3188,TRUE
3189,TRUE
3190,FALSE
3191,TRUE
3192,TRUE
3193,FALSE
3194,FALSE
3195,TRUE
3196,FALSE
3197,FALSE
3198,FALSE
3199,TRUE
3200,FALSE
3201,TRUE
3202,TRUE
3203,FALSE
3204,TRUE
3205,FALSE
3206,TRUE
3207,TRUE
3208,TRUE
3209,TRUE
3210,FALSE
3211,FALSE
3212,TRUE
3213,TRUE
3214,FALSE
3215,FALSE
3216,TRUE
3217,FALSE
3218,TRUE
3219,TRUE
3220,TRUE
3221,FALSE
3222,TRUE
3223,TRUE
3224,TRUE
3225,TRUE
3226,TRUE
3227,TRUE
3228,TRUE
3229,FALSE
3230,TRUE
3231,TRUE
3232,TRUE
3233,FALSE
3234,TRUE
3235,TRUE
3236,TRUE
3237,TRUE
3238,TRUE
3239,FALSE
3240,FALSE
3241,TRUE
3242,TRUE
3243,FALSE
3244,FALSE
3245,TRUE
3246,FALSE
3247,TRUE
3248,TRUE
3249,TRUE
3250,FALSE
3251,TRUE
3252,TRUE
3253,TRUE
3254,TRUE
3255,TRUE
3256,TRUE
3257,FALSE
3258,TRUE
3259,TRUE
3260,TRUE
3261,FALSE
3262,TRUE
3263,TRUE
3264,TRUE
3265,TRUE
3266,TRUE
3267,FALSE
3268,TRUE
3269,FALSE
3270,TRUE
3271,TRUE
3272,TRUE
3273,TRUE
3274,FALSE
3275,FALSE
3276,FALSE
3277,FALSE
3278,FALSE
3279,FALSE
3280,TRUE
3281,TRUE
3282,TRUE
3283,TRUE
3284,FALSE
3285,FALSE
3286,FALSE
3287,TRUE
3288,TRUE
3289,TRUE
3290,TRUE
3291,TRUE
3292,FALSE
3293,TRUE
3294,FALSE
3295,TRUE
3296,TRUE
3297,TRUE
3298,FALSE
3299,TRUE
3300,TRUE
3301,FALSE
3302,FALSE
3303,FALSE
3304,FALSE
3305,FALSE
3306,FALSE
3307,FALSE
3308,TRUE
3309,TRUE
3310,TRUE
3311,TRUE
3312,TRUE
3313,FALSE
3314,TRUE
3315,TRUE
3316,FALSE
3317,TRUE
3318,TRUE
3319,FALSE
3320,FALSE
3321,FALSE
3322,FALSE
3323,TRUE
3324,TRUE
3325,TRUE
3326,TRUE
3327,TRUE
3328,FALSE
3329,FALSE
3330,FALSE
3331,TRUE
3332,TRUE
3333,FALSE
3334,FALSE
3335,TRUE
3336,TRUE
3337,FALSE
3338,TRUE
3339,FALSE
3340,FALSE
3341,TRUE
3342,TRUE
3343,TRUE
3344,TRUE
3345,TRUE
3346,TRUE
3347,TRUE
3348,TRUE
3349,TRUE
3350,TRUE
3351,FALSE
3352,TRUE
3353,TRUE
3354,TRUE
3355,TRUE
3356,TRUE
3357,FALSE
3358,TRUE
3359,TRUE
3360,FALSE
3361,TRUE
3362,TRUE
3363,TRUE
3364,FALSE
3365,TRUE
3366,FALSE
3367,FALSE
3368,TRUE
3369,TRUE
3370,TRUE
3371,FALSE
3372,TRUE
3373,FALSE
3374,TRUE
3375,TRUE
3376,TRUE
3377,FALSE
3378,TRUE
3379,FALSE
3380,TRUE
3381,FALSE
3382,TRUE
3383,TRUE
3384,TRUE
3385,FALSE
3386,TRUE
3387,TRUE
3388,FALSE
3389,TRUE
3390,FALSE
3391,TRUE
3392,FALSE
3393,FALSE
3394,TRUE
3395,FALSE
3396,TRUE
3397,TRUE
3398,FALSE
3399,TRUE
3400,FALSE
3401,FALSE
3402,TRUE
3403,TRUE
3404,TRUE
3405,FALSE
3406,TRUE
3407,FALSE
3408,TRUE
3409,TRUE
3410,TRUE
3411,TRUE
3412,TRUE
3413,FALSE
3414,TRUE
3415,TRUE
3416,FALSE
3417,TRUE
3418,FALSE
3419,TRUE
3420,TRUE
3421,FALSE
3422,FALSE
3423,TRUE
3424,FALSE
3425,TRUE
3426,TRUE
3427,FALSE
3428,FALSE
3429,TRUE
3430,TRUE
3431,TRUE
3432,TRUE
3433,TRUE
3434,FALSE
3435,FALSE
3436,TRUE
3437,TRUE
3438,FALSE
3439,TRUE
3440,TRUE
3441,FALSE
3442,TRUE
3443,TRUE
3444,TRUE
3445,FALSE
3446,FALSE
3447,TRUE
3448,TRUE
3449,FALSE
3450,FALSE
3451,FALSE
3452,FALSE
3453,TRUE
3454,TRUE
3455,FALSE
3456,FALSE
3457,FALSE
3458,FALSE
3459,FALSE
3460,FALSE
3461,TRUE
3462,TRUE
3463,FALSE
3464,FALSE
3465,FALSE
3466,TRUE
3467,FALSE
3468,TRUE
3469,TRUE
3470,TRUE
3471,FALSE
3472,TRUE
3473,TRUE
3474,TRUE
3475,FALSE
3476,FALSE
3477,FALSE
3478,FALSE
3479,TRUE
3480,FALSE
3481,FALSE
3482,FALSE
3483,TRUE
3484,TRUE
3485,FALSE
3486,FALSE
3487,TRUE
3488,TRUE
3489,FALSE
3490,FALSE
3491,TRUE
3492,FALSE
3493,TRUE
3494,FALSE
3495,FALSE
3496,TRUE
3497,TRUE
3498,TRUE
3499,FALSE
3500,FALSE
3501,TRUE
3502,FALSE
3503,TRUE
3504,FALSE
3505,FALSE
3506,TRUE
3507,TRUE
3508,TRUE
3509,FALSE
3510,FALSE
3511,TRUE
3512,TRUE
3513,FALSE
3514,TRUE
3515,TRUE
3516,TRUE
3517,TRUE
3518,TRUE
3519,FALSE
3520,FALSE
3521,TRUE
3522,TRUE
3523,TRUE
3524,TRUE
3525,FALSE
3526,FALSE
3527,TRUE
3528,FALSE
3529,TRUE
3530,TRUE
3531,FALSE
3532,TRUE
3533,TRUE
3534,TRUE
3535,FALSE
3536,TRUE
3537,TRUE
3538,TRUE
3539,FALSE
3540,FALSE
3541,TRUE
3542,TRUE
3543,TRUE
3544,TRUE
3545,TRUE
3546,FALSE
3547,FALSE
3548,TRUE
3549,FALSE
3550,TRUE
3551,TRUE
3552,TRUE
3553,TRUE
3554,FALSE
3555,FALSE
3556,FALSE
3557,FALSE
3558,TRUE
3559,TRUE
3560,TRUE
3561,FALSE
3562,TRUE
3563,TRUE
3564,TRUE
3565,TRUE
3566,TRUE
3567,FALSE
3568,TRUE
3569,TRUE
3570,TRUE
3571,TRUE
3572,TRUE
3573,FALSE
3574,TRUE
3575,TRUE
3576,TRUE
3577,FALSE
3578,TRUE
3579,TRUE
3580,FALSE
3581,FALSE
3582,TRUE
3583,FALSE
3584,TRUE
3585,TRUE
3586,TRUE
3587,FALSE
3588,TRUE
3589,FALSE
3590,TRUE
3591,TRUE
3592,TRUE
3593,TRUE
3594,FALSE
3595,FALSE
3596,TRUE
3597,TRUE
3598,FALSE
3599,TRUE
3600,TRUE
3601,FALSE
3602,FALSE
3603,FALSE
3604,TRUE
3605,TRUE
3606,FALSE
3607,FALSE
3608,TRUE
3609,TRUE
3610,TRUE
3611,TRUE
3612,TRUE
3613,TRUE
3614,FALSE
3615,FALSE
3616,TRUE
3617,FALSE
3618,FALSE
3619,FALSE
3620,FALSE
3621,TRUE
3622,TRUE
3623,TRUE
3624,TRUE
3625,TRUE
3626,TRUE
3627,FALSE
3628,FALSE
3629,FALSE
3630,TRUE
3631,FALSE
3632,FALSE
3633,FALSE
3634,FALSE
3635,TRUE
3636,FALSE
3637,TRUE
3638,TRUE
3639,FALSE
3640,TRUE
3641,FALSE
3642,FALSE
3643,FALSE
3644,FALSE
3645,FALSE
3646,TRUE
3647,TRUE
3648,FALSE
3649,FALSE
3650,FALSE
3651,FALSE
3652,FALSE
3653,TRUE
3654,FALSE
3655,TRUE
3656,FALSE
3657,FALSE
3658,TRUE
3659,TRUE
3660,FALSE
3661,TRUE
3662,TRUE
3663,TRUE
3664,TRUE
3665,FALSE
3666,TRUE
3667,TRUE
3668,TRUE
3669,TRUE
3670,TRUE
3671,TRUE
3672,TRUE
3673,FALSE
3674,TRUE
3675,FALSE
3676,TRUE
3677,TRUE
3678,FALSE
3679,TRUE
3680,FALSE
3681,TRUE
3682,TRUE
3683,TRUE
3684,TRUE
3685,FALSE
3686,FALSE
3687,FALSE
3688,TRUE
3689,FALSE
3690,TRUE
3691,FALSE
3692,FALSE
3693,FALSE
3694,TRUE
3695,FALSE
3696,TRUE
3697,TRUE
3698,TRUE
3699,TRUE
3700,TRUE
3701,TRUE
3702,FALSE
3703,FALSE
3704,FALSE
3705,TRUE
3706,TRUE
3707,TRUE
3708,TRUE
3709,TRUE
3710,FALSE
3711,TRUE
3712,TRUE
3713,TRUE
3714,FALSE
3715,TRUE
3716,TRUE
3717,TRUE
3718,FALSE
3719,TRUE
3720,FALSE
3721,FALSE
3722,FALSE
3723,TRUE
3724,FALSE
3725,FALSE
3726,FALSE
3727,TRUE
3728,TRUE
3729,FALSE
3730,TRUE
3731,TRUE
3732,TRUE
3733,FALSE
3734,TRUE
3735,FALSE
3736,FALSE
3737,FALSE
3738,TRUE
3739,TRUE
3740,TRUE
3741,TRUE
3742,TRUE
3743,FALSE
3744,FALSE
3745,TRUE
3746,FALSE
3747,TRUE
3748,TRUE
3749,FALSE
3750,FALSE
3751,FALSE
3752,FALSE
3753,FALSE
3754,TRUE
3755,TRUE
3756,FALSE
3757,FALSE
3758,TRUE
3759,TRUE
3760,TRUE
3761,TRUE
3762,TRUE
3763,TRUE
3764,TRUE
3765,TRUE
3766,TRUE
3767,TRUE
3768,FALSE
3769,TRUE
3770,TRUE
3771,TRUE
3772,TRUE
3773,FALSE
3774,TRUE
3775,FALSE
3776,TRUE
3777,TRUE
3778,TRUE
3779,FALSE
3780,FALSE
3781,TRUE
3782,FALSE
3783,FALSE
3784,TRUE
3785,TRUE
3786,TRUE
3787,FALSE
3788,TRUE
3789,FALSE
3790,TRUE
3791,FALSE
3792,TRUE
3793,FALSE
3794,TRUE
3795,TRUE
3796,TRUE
3797,TRUE
3798,FALSE
3799,FALSE
3800,FALSE
3801,TRUE
3802,FALSE
3803,TRUE
3804,TRUE
3805,FALSE
3806,FALSE
3807,TRUE
3808,FALSE
3809,FALSE
3810,TRUE
3811,FALSE
3812,TRUE
3813,FALSE
3814,TRUE
3815,FALSE
3816,TRUE
3817,TRUE
3818,FALSE
3819,TRUE
3820,TRUE
3821,TRUE
3822,FALSE
3823,TRUE
3824,TRUE
3825,FALSE
3826,FALSE
3827,FALSE
3828,FALSE
3829,TRUE
3830,FALSE
3831,FALSE
3832,FALSE
3833,FALSE
3834,FALSE
3835,TRUE
3836,TRUE
3837,TRUE
3838,TRUE
3839,FALSE
3840,FALSE
3841,FALSE
3842,FALSE
3843,FALSE
3844,TRUE
3845,FALSE
3846,FALSE
3847,FALSE
3848,FALSE
3849,TRUE
3850,FALSE
3851,FALSE
3852,FALSE
3853,TRUE
3854,FALSE
3855,TRUE
3856,FALSE
3857,FALSE
3858,TRUE
3859,TRUE
3860,TRUE
3861,TRUE
3862,TRUE
3863,FALSE
3864,TRUE
3865,TRUE
3866,TRUE
3867,TRUE
3868,FALSE
3869,FALSE
3870,TRUE
3871,TRUE
3872,TRUE
3873,TRUE
3874,FALSE
3875,TRUE
3876,TRUE
3877,FALSE
3878,FALSE
3879,TRUE
3880,TRUE
3881,FALSE
3882,TRUE
3883,TRUE
3884,FALSE
3885,TRUE
3886,FALSE
3887,FALSE
3888,FALSE
3889,FALSE
3890,TRUE
3891,TRUE
3892,FALSE
3893,TRUE
3894,TRUE
3895,FALSE
3896,TRUE
3897,TRUE
3898,TRUE
3899,TRUE
3900,TRUE
3901,FALSE
3902,TRUE
3903,TRUE
3904,TRUE
3905,TRUE
3906,TRUE
3907,FALSE
3908,TRUE
3909,FALSE
3910,FALSE
3911,TRUE
3912,FALSE
3913,TRUE
3914,TRUE
3915,TRUE
3916,FALSE
3917,TRUE
3918,TRUE
3919,TRUE
3920,FALSE
3921,TRUE
3922,FALSE
3923,FALSE
3924,FALSE
3925,TRUE
3926,TRUE
3927,TRUE
3928,FALSE
3929,FALSE
3930,TRUE
3931,FALSE
3932,TRUE
3933,TRUE
3934,TRUE
3935,TRUE
3936,FALSE
3937,FALSE
3938,FALSE
3939,TRUE
3940,TRUE
3941,TRUE
3942,FALSE
3943,TRUE
3944,FALSE
3945,FALSE
3946,TRUE
3947,TRUE
3948,FALSE
3949,TRUE
3950,FALSE
3951,FALSE
3952,FALSE
3953,TRUE
3954,FALSE
3955,FALSE
3956,FALSE
3957,FALSE
3958,TRUE
3959,TRUE
3960,FALSE
3961,TRUE
3962,TRUE
3963,FALSE
3964,TRUE
3965,TRUE
3966,FALSE
3967,TRUE
3968,FALSE
3969,FALSE
3970,FALSE
3971,FALSE
3972,TRUE
3973,FALSE
3974,FALSE
3975,FALSE
3976,FALSE
3977,TRUE
3978,TRUE
3979,TRUE
3980,FALSE
3981,TRUE
3982,TRUE
3983,FALSE
3984,FALSE
3985,FALSE
3986,TRUE
3987,TRUE
3988,TRUE
3989,TRUE
3990,TRUE
3991,TRUE
3992,FALSE
3993,TRUE
3994,TRUE
3995,FALSE
3996,TRUE
3997,TRUE
3998,FALSE
3999,FALSE
4000,TRUE
4001,TRUE
4002,TRUE
4003,TRUE
4004,TRUE
4005,TRUE
4006,FALSE
4007,FALSE
4008,FALSE
4009,TRUE
4010,FALSE
4011,FALSE
4012,TRUE
4013,TRUE
4014,TRUE
4015,TRUE
4016,TRUE
4017,TRUE
4018,FALSE
4019,TRUE
4020,TRUE
4021,TRUE
4022,FALSE
4023,FALSE
4024,TRUE
4025,FALSE
4026,TRUE
4027,FALSE
4028,FALSE
4029,FALSE
4030,TRUE
4031,FALSE
4032,FALSE
4033,FALSE
4034,FALSE
4035,FALSE
4036,TRUE
4037,TRUE
4038,TRUE
4039,TRUE
4040,TRUE
4041,FALSE
4042,TRUE
4043,TRUE
4044,TRUE
4045,FALSE
4046,TRUE
4047,FALSE
4048,FALSE
4049,FALSE
4050,TRUE
4051,FALSE
4052,TRUE
4053,FALSE
4054,FALSE
4055,TRUE
4056,TRUE
4057,FALSE
4058,FALSE
4059,FALSE
4060,TRUE
4061,TRUE
4062,FALSE
4063,TRUE
4064,FALSE
4065,FALSE
4066,TRUE
4067,TRUE
4068,TRUE
4069,TRUE
4070,FALSE
4071,TRUE
4072,FALSE
4073,FALSE
4074,FALSE
4075,TRUE
4076,TRUE
4077,FALSE
4078,TRUE
4079,FALSE
4080,FALSE
4081,FALSE
4082,TRUE
4083,TRUE
4084,FALSE
4085,FALSE
4086,TRUE
4087,TRUE
4088,TRUE
4089,TRUE
4090,TRUE
4091,TRUE
4092,TRUE
4093,TRUE
4094,TRUE
4095,FALSE
4096,FALSE
4097,TRUE
4098,TRUE
4099,FALSE
4100,TRUE
4101,TRUE
4102,TRUE
4103,TRUE
4104,TRUE
4105,TRUE
4106,FALSE
4107,FALSE
4108,TRUE
4109,TRUE
4110,TRUE
4111,FALSE
4112,FALSE
4113,TRUE
4114,TRUE
4115,TRUE
4116,TRUE
4117,TRUE
4118,FALSE
4119,TRUE
4120,FALSE
4121,TRUE
4122,TRUE
4123,TRUE
4124,TRUE
4125,TRUE
4126,TRUE
4127,FALSE
4128,TRUE
4129,TRUE
4130,TRUE
4131,FALSE
4132,TRUE
4133,FALSE
4134,TRUE
4135,TRUE
4136,FALSE
4137,FALSE
4138,TRUE
4139,FALSE
4140,TRUE
4141,TRUE
4142,FALSE
4143,TRUE
4144,FALSE
4145,TRUE
4146,TRUE
4147,TRUE
4148,TRUE
4149,FALSE
4150,TRUE
4151,TRUE
4152,TRUE
4153,FALSE
4154,TRUE
4155,TRUE
4156,TRUE
4157,FALSE
4158,TRUE
4159,TRUE
4160,TRUE
4161,TRUE
4162,TRUE
4163,FALSE
4164,TRUE
4165,FALSE
4166,TRUE
4167,TRUE
4168,FALSE
4169,TRUE
4170,FALSE
4171,TRUE
4172,FALSE
4173,TRUE
4174,TRUE
4175,FALSE
4176,FALSE
4177,TRUE
4178,TRUE
4179,TRUE
4180,FALSE
4181,TRUE
4182,FALSE
4183,TRUE
4184,TRUE
4185,FALSE
4186,FALSE
4187,FALSE
4188,FALSE
4189,TRUE
4190,TRUE
4191,FALSE
4192,TRUE
4193,TRUE
4194,FALSE
4195,TRUE
4196,TRUE
4197,FALSE
4198,FALSE
4199,TRUE
4200,TRUE
4201,TRUE
4202,FALSE
4203,FALSE
4204,TRUE
4205,FALSE
4206,TRUE
4207,TRUE
4208,TRUE
4209,FALSE
4210,FALSE
4211,TRUE
4212,TRUE
4213,FALSE
4214,TRUE
4215,FALSE
4216,FALSE
4217,TRUE
4218,TRUE
4219,FALSE
4220,TRUE
4221,FALSE
4222,FALSE
4223,TRUE
4224,FALSE
4225,FALSE
4226,TRUE
4227,TRUE
4228,FALSE
4229,TRUE
4230,TRUE
4231,TRUE
4232,FALSE
4233,TRUE
4234,TRUE
4235,FALSE
4236,TRUE
4237,TRUE
4238,FALSE
4239,TRUE
4240,TRUE
4241,TRUE
4242,FALSE
4243,FALSE
4244,TRUE
4245,FALSE
4246,FALSE
4247,TRUE
4248,FALSE
4249,TRUE
4250,TRUE
4251,FALSE
4252,TRUE
4253,TRUE
4254,FALSE
4255,TRUE
4256,FALSE
4257,TRUE
4258,FALSE
4259,FALSE
4260,TRUE
4261,TRUE
4262,FALSE
4263,TRUE
4264,TRUE
4265,TRUE
4266,TRUE
4267,TRUE
4268,FALSE
4269,FALSE
4270,TRUE
4271,TRUE
4272,TRUE
4273,FALSE
4274,TRUE
4275,TRUE
4276,TRUE
4277,TRUE
4278,FALSE
4279,TRUE
4280,FALSE
4281,TRUE
4282,TRUE
4283,TRUE
4284,TRUE
4285,TRUE
4286,FALSE
4287,TRUE
4288,FALSE
4289,TRUE
4290,FALSE
4291,TRUE
4292,TRUE
4293,TRUE
4294,FALSE
4295,TRUE
4296,TRUE
4297,FALSE
4298,TRUE
4299,TRUE
4300,FALSE
4301,TRUE
4302,TRUE
4303,FALSE
4304,FALSE
4305,FALSE
4306,TRUE
4307,FALSE
4308,TRUE
4309,FALSE
4310,TRUE
4311,TRUE
4312,FALSE
4313,TRUE
4314,TRUE
4315,FALSE
4316,TRUE
4317,FALSE
4318,FALSE
4319,FALSE
4320,TRUE
4321,FALSE
4322,FALSE
4323,FALSE
4324,FALSE
4325,FALSE
4326,FALSE
4327,TRUE
4328,TRUE
4329,FALSE
4330,TRUE
4331,TRUE
4332,FALSE
4333,FALSE
4334,TRUE
4335,TRUE
4336,FALSE
4337,TRUE
4338,TRUE
4339,TRUE
4340,FALSE
4341,FALSE
4342,TRUE
4343,TRUE
4344,TRUE
4345,TRUE
4346,TRUE
4347,FALSE
4348,FALSE
4349,FALSE
4350,FALSE
4351,FALSE
4352,TRUE
4353,TRUE
4354,FALSE
4355,FALSE
4356,TRUE
4357,TRUE
4358,TRUE
4359,FALSE
4360,TRUE
4361,TRUE
4362,TRUE
4363,TRUE
4364,FALSE
4365,TRUE
4366,FALSE
4367,TRUE
4368,FALSE
4369,FALSE
4370,TRUE
4371,TRUE
4372,TRUE
4373,TRUE
4374,TRUE
4375,FALSE
4376,FALSE
4377,TRUE
4378,TRUE
4379,FALSE
4380,TRUE
4381,TRUE
4382,FALSE
4383,TRUE
4384,TRUE
4385,FALSE
4386,TRUE
4387,TRUE
4388,FALSE
4389,TRUE
4390,TRUE
4391,TRUE
4392,TRUE
4393,TRUE
4394,FALSE
4395,TRUE
4396,FALSE
4397,TRUE
4398,TRUE
4399,TRUE
4400,FALSE
4401,TRUE
4402,FALSE
4403,TRUE
4404,TRUE
4405,FALSE
4406,TRUE
4407,TRUE
4408,TRUE
4409,FALSE
4410,FALSE
4411,FALSE
4412,TRUE
4413,TRUE
4414,FALSE
4415,FALSE
4416,TRUE
4417,TRUE
4418,TRUE
4419,TRUE
4420,TRUE
4421,FALSE
4422,TRUE
4423,TRUE
4424,FALSE
4425,TRUE
4426,TRUE
4427,TRUE
4428,FALSE
4429,TRUE
4430,TRUE
4431,FALSE
4432,FALSE
4433,TRUE
4434,TRUE
4435,FALSE
4436,FALSE
4437,TRUE
4438,TRUE
4439,TRUE
4440,TRUE
4441,TRUE
4442,FALSE
4443,TRUE
4444,TRUE
4445,TRUE
4446,TRUE
4447,FALSE
4448,TRUE
4449,FALSE
4450,TRUE
4451,TRUE
4452,FALSE
4453,FALSE
4454,TRUE
4455,TRUE
4456,FALSE
4457,FALSE
4458,TRUE
4459,FALSE
4460,TRUE
4461,TRUE
4462,FALSE
4463,TRUE
4464,TRUE
4465,TRUE
4466,FALSE
4467,TRUE
4468,FALSE
4469,TRUE
4470,FALSE
4471,FALSE
4472,TRUE
4473,TRUE
4474,TRUE
4475,FALSE
4476,TRUE
4477,TRUE
4478,TRUE
4479,TRUE
4480,TRUE
4481,TRUE
4482,FALSE
4483,FALSE
4484,TRUE
4485,TRUE
4486,TRUE
4487,TRUE
4488,TRUE
4489,FALSE
4490,TRUE
4491,FALSE
4492,FALSE
4493,TRUE
4494,TRUE
4495,FALSE
4496,TRUE
4497,TRUE
4498,FALSE
4499,FALSE
4500,TRUE
4501,FALSE
4502,FALSE
4503,FALSE
4504,FALSE
4505,FALSE
4506,TRUE
4507,TRUE
4508,TRUE
4509,TRUE
4510,FALSE
4511,FALSE
4512,TRUE
4513,FALSE
4514,TRUE
4515,FALSE
4516,FALSE
4517,FALSE
4518,TRUE
4519,FALSE
4520,FALSE
4521,TRUE
4522,TRUE
4523,TRUE
4524,FALSE
4525,FALSE
4526,FALSE
4527,TRUE
4528,TRUE
4529,TRUE
4530,TRUE
4531,FALSE
4532,TRUE
4533,FALSE
4534,TRUE
4535,FALSE
4536,FALSE
4537,FALSE
4538,FALSE
4539,TRUE
4540,TRUE
4541,TRUE
4542,FALSE
4543,TRUE
4544,FALSE
4545,TRUE
4546,TRUE
4547,TRUE
4548,FALSE
4549,FALSE
4550,TRUE
4551,FALSE
4552,TRUE
4553,FALSE
4554,TRUE
4555,TRUE
4556,TRUE
4557,TRUE
4558,TRUE
4559,TRUE
4560,FALSE
4561,FALSE
4562,TRUE
4563,FALSE
4564,TRUE
4565,FALSE
4566,TRUE
4567,TRUE
4568,FALSE
4569,TRUE
4570,TRUE
4571,TRUE
4572,TRUE
4573,FALSE
4574,FALSE
4575,TRUE
4576,FALSE
4577,TRUE
4578,TRUE
4579,FALSE
4580,TRUE
4581,TRUE
4582,TRUE
4583,FALSE
4584,FALSE
4585,FALSE
4586,TRUE
4587,TRUE
4588,FALSE
4589,FALSE
4590,TRUE
4591,FALSE
4592,TRUE
4593,FALSE
4594,FALSE
4595,TRUE
4596,TRUE
4597,TRUE
4598,TRUE
4599,TRUE
4600,FALSE
4601,TRUE
4602,TRUE
4603,TRUE
4604,TRUE
4605,FALSE
4606,TRUE
4607,TRUE
4608,TRUE
4609,TRUE
4610,FALSE
4611,TRUE
4612,FALSE
4613,TRUE
4614,TRUE
4615,FALSE
4616,TRUE
4617,TRUE
4618,FALSE
4619,FALSE
4620,FALSE
4621,TRUE
4622,FALSE
4623,FALSE
4624,FALSE
4625,TRUE
4626,TRUE
4627,FALSE
4628,TRUE
4629,TRUE
4630,TRUE
4631,FALSE
4632,TRUE
4633,FALSE
4634,FALSE
4635,TRUE
4636,TRUE
4637,TRUE
4638,TRUE
4639,FALSE
4640,FALSE
4641,FALSE
4642,TRUE
4643,FALSE
4644,FALSE
4645,FALSE
4646,FALSE
4647,TRUE
4648,TRUE
4649,TRUE
4650,FALSE
4651,FALSE
4652,FALSE
4653,FALSE
4654,FALSE
4655,TRUE
4656,TRUE
4657,TRUE
4658,TRUE
4659,FALSE
4660,FALSE
4661,FALSE
4662,FALSE
4663,FALSE
4664,TRUE
4665,TRUE
4666,TRUE
4667,TRUE
4668,TRUE
4669,FALSE
4670,FALSE
4671,TRUE
4672,FALSE
4673,FALSE
4674,FALSE
4675,FALSE
4676,TRUE
4677,FALSE
4678,TRUE
4679,FALSE
4680,FALSE
4681,FALSE
4682,TRUE
4683,FALSE
4684,TRUE
4685,FALSE
4686,FALSE
4687,FALSE
4688,TRUE
4689,TRUE
4690,FALSE
4691,TRUE
4692,TRUE
4693,TRUE
4694,TRUE
4695,FALSE
4696,TRUE
4697,TRUE
4698,TRUE
4699,FALSE
4700,TRUE
4701,TRUE
4702,TRUE
4703,TRUE
4704,TRUE
4705,FALSE
4706,FALSE
4707,FALSE
4708,TRUE
4709,TRUE
4710,TRUE
4711,TRUE
4712,TRUE
4713,TRUE
4714,TRUE
4715,TRUE
4716,TRUE
4717,FALSE
4718,TRUE
4719,TRUE
4720,FALSE
4721,FALSE
4722,TRUE
4723,FALSE
4724,TRUE
4725,TRUE
4726,FALSE
4727,TRUE
4728,FALSE
4729,FALSE
4730,TRUE
4731,TRUE
4732,FALSE
4733,TRUE
4734,TRUE
4735,TRUE
4736,FALSE
4737,TRUE
4738,TRUE
4739,TRUE
4740,TRUE
4741,FALSE
4742,FALSE
4743,FALSE
4744,TRUE
4745,TRUE
4746,FALSE
4747,TRUE
4748,TRUE
4749,TRUE
4750,TRUE
4751,FALSE
4752,FALSE
4753,TRUE
4754,FALSE
4755,TRUE
4756,TRUE
4757,FALSE
4758,TRUE
4759,TRUE
4760,FALSE
4761,TRUE
4762,TRUE
4763,TRUE
4764,FALSE
4765,FALSE
4766,TRUE
4767,FALSE
4768,TRUE
4769,FALSE
4770,TRUE
4771,TRUE
4772,TRUE
4773,FALSE
4774,TRUE
4775,TRUE
4776,TRUE
4777,FALSE
4778,FALSE
4779,TRUE
4780,TRUE
4781,FALSE
4782,TRUE
4783,TRUE
4784,FALSE
4785,FALSE
4786,TRUE
4787,TRUE
4788,FALSE
4789,TRUE
4790,FALSE
4791,TRUE
4792,TRUE
4793,TRUE
4794,FALSE
4795,TRUE
4796,FALSE
4797,FALSE
4798,FALSE
4799,TRUE
4800,TRUE
4801,FALSE
4802,FALSE
4803,FALSE
4804,TRUE
4805,TRUE
4806,TRUE
4807,FALSE
4808,TRUE
4809,FALSE
4810,TRUE
4811,FALSE
4812,TRUE
4813,FALSE
4814,TRUE
4815,FALSE
4816,TRUE
4817,TRUE
4818,TRUE
4819,TRUE
4820,FALSE
4821,TRUE
4822,TRUE
4823,FALSE
4824,TRUE
4825,TRUE
4826,TRUE
4827,TRUE
4828,TRUE
4829,TRUE
4830,TRUE
4831,TRUE
4832,FALSE
4833,TRUE
4834,TRUE
4835,FALSE
4836,FALSE
4837,FALSE
4838,TRUE
4839,FALSE
4840,TRUE
4841,TRUE
4842,TRUE
4843,FALSE
4844,FALSE
4845,FALSE
4846,FALSE
4847,TRUE
4848,FALSE
4849,TRUE
4850,TRUE
4851,FALSE
4852,FALSE
4853,TRUE
4854,FALSE
4855,TRUE
4856,FALSE
4857,FALSE
4858,FALSE
4859,TRUE
4860,FALSE
4861,FALSE
4862,FALSE
4863,TRUE
4864,FALSE
4865,TRUE
4866,TRUE
4867,TRUE
4868,TRUE
4869,TRUE
4870,FALSE
4871,TRUE
4872,FALSE
4873,FALSE
4874,TRUE
4875,TRUE
4876,FALSE
4877,TRUE
4878,FALSE
4879,TRUE
4880,TRUE
4881,TRUE
4882,TRUE
4883,FALSE
4884,FALSE
4885,FALSE
4886,TRUE
4887,FALSE
4888,FALSE
4889,TRUE
4890,TRUE
4891,TRUE
4892,TRUE
4893,FALSE
4894,TRUE
4895,FALSE
4896,TRUE
4897,TRUE
4898,TRUE
4899,FALSE
4900,FALSE
4901,TRUE
4902,FALSE
4903,FALSE
4904,FALSE
4905,TRUE
4906,FALSE
4907,FALSE
4908,FALSE
4909,TRUE
4910,FALSE
4911,FALSE
4912,FALSE
4913,TRUE
4914,TRUE
4915,TRUE
4916,FALSE
4917,TRUE
4918,FALSE
4919,TRUE
4920,TRUE
4921,FALSE
4922,FALSE
4923,FALSE
4924,TRUE
4925,FALSE
4926,TRUE
4927,FALSE
4928,TRUE
4929,TRUE
4930,FALSE
4931,FALSE
4932,TRUE
4933,FALSE
4934,TRUE
4935,FALSE
4936,TRUE
4937,TRUE
4938,TRUE
4939,TRUE
4940,FALSE
4941,FALSE
4942,TRUE
4943,TRUE
4944,FALSE
4945,FALSE
4946,TRUE
4947,TRUE
4948,TRUE
4949,FALSE
4950,FALSE
4951,FALSE
4952,TRUE
4953,FALSE
4954,FALSE
4955,TRUE
4956,TRUE
4957,TRUE
4958,TRUE
4959,TRUE
4960,TRUE
4961,TRUE
4962,TRUE
4963,TRUE
4964,TRUE
4965,TRUE
4966,TRUE
4967,FALSE
4968,FALSE
4969,TRUE
4970,TRUE
4971,FALSE
4972,TRUE
4973,FALSE
4974,FALSE
4975,TRUE
4976,TRUE
4977,TRUE
4978,TRUE
4979,TRUE
4980,FALSE
4981,TRUE
4982,TRUE
4983,FALSE
4984,TRUE
4985,TRUE
4986,TRUE
4987,FALSE
4988,TRUE
4989,TRUE
4990,FALSE
4991,FALSE
4992,TRUE
4993,FALSE
4994,TRUE
4995,FALSE
4996,TRUE
4997,FALSE
4998,FALSE
4999,TRUE
5000,TRUE
5001,FALSE
5002,TRUE
5003,FALSE
5004,FALSE
5005,TRUE
5006,TRUE
5007,FALSE
5008,FALSE
5009,FALSE
5010,TRUE
5011,FALSE
5012,FALSE
5013,TRUE
5014,TRUE
5015,FALSE
5016,FALSE
5017,FALSE
5018,FALSE
5019,TRUE
5020,FALSE
5021,TRUE
5022,TRUE
5023,TRUE
5024,FALSE
5025,TRUE
5026,FALSE
5027,FALSE
5028,FALSE
5029,TRUE
5030,TRUE
5031,TRUE
5032,FALSE
5033,FALSE
5034,TRUE
5035,FALSE
5036,FALSE
5037,FALSE
5038,FALSE
5039,TRUE
5040,TRUE
5041,TRUE
5042,TRUE
5043,TRUE
5044,FALSE
5045,FALSE
5046,TRUE
5047,TRUE
5048,TRUE
5049,FALSE
5050,FALSE
5051,TRUE
5052,FALSE
5053,TRUE
5054,TRUE
5055,TRUE
5056,TRUE
5057,FALSE
5058,TRUE
5059,TRUE
5060,TRUE
5061,FALSE
5062,TRUE
5063,TRUE
5064,TRUE
5065,FALSE
5066,TRUE
5067,TRUE
5068,TRUE
5069,FALSE
5070,TRUE
5071,FALSE
5072,TRUE
5073,FALSE
5074,FALSE
5075,FALSE
5076,FALSE
5077,FALSE
5078,FALSE
5079,TRUE
5080,FALSE
5081,TRUE
5082,TRUE
5083,TRUE
5084,FALSE
5085,FALSE
5086,TRUE
5087,TRUE
5088,TRUE
5089,TRUE
5090,FALSE
5091,FALSE
5092,TRUE
5093,FALSE
5094,TRUE
5095,TRUE
5096,TRUE
5097,TRUE
5098,FALSE
5099,TRUE
5100,FALSE
5101,TRUE
5102,TRUE
5103,FALSE
5104,TRUE
5105,FALSE
5106,FALSE
5107,FALSE
5108,FALSE
5109,FALSE
5110,TRUE
5111,TRUE
5112,FALSE
5113,FALSE
5114,TRUE
5115,FALSE
5116,TRUE
5117,TRUE
5118,TRUE
5119,TRUE
5120,FALSE
5121,TRUE
5122,TRUE
5123,TRUE
5124,TRUE
5125,TRUE
5126,TRUE
5127,TRUE
5128,TRUE
5129,TRUE
5130,FALSE
5131,FALSE
5132,TRUE
5133,FALSE
5134,TRUE
5135,TRUE
5136,FALSE
5137,FALSE
5138,FALSE
5139,TRUE
5140,FALSE
5141,FALSE
5142,TRUE
5143,FALSE
5144,TRUE
5145,FALSE
5146,FALSE
5147,FALSE
5148,TRUE
5149,FALSE
5150,FALSE
5151,FALSE
5152,TRUE
5153,FALSE
5154,FALSE
5155,FALSE
5156,TRUE
5157,FALSE
5158,TRUE
5159,TRUE
5160,TRUE
5161,TRUE
5162,TRUE
5163,TRUE
5164,TRUE
5165,TRUE
5166,TRUE
5167,FALSE
5168,TRUE
5169,TRUE
5170,TRUE
5171,TRUE
5172,FALSE
5173,FALSE
5174,FALSE
5175,TRUE
5176,TRUE
5177,FALSE
5178,TRUE
5179,TRUE
5180,TRUE
5181,TRUE
5182,TRUE
5183,TRUE
5184,TRUE
5185,FALSE
5186,FALSE
5187,TRUE
5188,TRUE
5189,FALSE
5190,FALSE
5191,FALSE
5192,TRUE
5193,TRUE
5194,TRUE
5195,TRUE
5196,TRUE
5197,FALSE
5198,FALSE
5199,TRUE
5200,FALSE
5201,FALSE
5202,TRUE
5203,TRUE
5204,FALSE
5205,FALSE
5206,TRUE
5207,FALSE
5208,FALSE
5209,FALSE
5210,TRUE
5211,TRUE
5212,TRUE
5213,FALSE
5214,TRUE
5215,TRUE
5216,TRUE
5217,FALSE
5218,TRUE
5219,TRUE
5220,FALSE
5221,TRUE
5222,TRUE
5223,FALSE
5224,TRUE
5225,TRUE
5226,FALSE
5227,FALSE
5228,TRUE
5229,FALSE
5230,TRUE
5231,TRUE
5232,TRUE
5233,FALSE
5234,TRUE
5235,FALSE
5236,FALSE
5237,FALSE
5238,FALSE
5239,TRUE
5240,TRUE
5241,TRUE
5242,TRUE
5243,TRUE
5244,FALSE
5245,FALSE
5246,FALSE
5247,FALSE
5248,TRUE
5249,FALSE
5250,FALSE
5251,FALSE
5252,TRUE
5253,TRUE
5254,FALSE
5255,TRUE
5256,FALSE
5257,TRUE
5258,TRUE
5259,FALSE
5260,FALSE
5261,FALSE
5262,TRUE
5263,TRUE
5264,TRUE
5265,TRUE
5266,FALSE
5267,TRUE
5268,TRUE
5269,TRUE
5270,TRUE
5271,FALSE
5272,TRUE
5273,FALSE
5274,TRUE
5275,TRUE
5276,FALSE
5277,TRUE
5278,TRUE
5279,FALSE
5280,TRUE
5281,TRUE
5282,FALSE
5283,TRUE
5284,TRUE
5285,TRUE
5286,FALSE
5287,FALSE
5288,TRUE
5289,TRUE
5290,TRUE
5291,TRUE
5292,TRUE
5293,FALSE
5294,TRUE
5295,TRUE
5296,FALSE
5297,TRUE
5298,FALSE
5299,TRUE
5300,TRUE
5301,FALSE
5302,TRUE
5303,TRUE
5304,TRUE
5305,TRUE
5306,TRUE
5307,FALSE
5308,FALSE
5309,TRUE
5310,FALSE
5311,TRUE
5312,FALSE
5313,FALSE
5314,FALSE
5315,FALSE
5316,TRUE
5317,TRUE
5318,TRUE
5319,FALSE
5320,TRUE
5321,TRUE
5322,TRUE
5323,FALSE
5324,TRUE
5325,FALSE
5326,FALSE
5327,FALSE
5328,TRUE
5329,TRUE
5330,TRUE
5331,TRUE
5332,FALSE
5333,FALSE
5334,TRUE
5335,TRUE
5336,FALSE
5337,TRUE
5338,FALSE
5339,TRUE
5340,TRUE
5341,TRUE
5342,TRUE
5343,TRUE
5344,TRUE
5345,TRUE
5346,FALSE
5347,TRUE
5348,FALSE
5349,TRUE
5350,FALSE
5351,TRUE
5352,FALSE
5353,TRUE
5354,FALSE
5355,TRUE
5356,TRUE
5357,TRUE
5358,TRUE
5359,FALSE
5360,FALSE
5361,TRUE
5362,TRUE
5363,FALSE
5364,TRUE
5365,FALSE
5366,FALSE
5367,TRUE
5368,TRUE
5369,FALSE
5370,TRUE
5371,FALSE
5372,TRUE
5373,TRUE
5374,FALSE
5375,TRUE
5376,FALSE
5377,FALSE
5378,TRUE
5379,TRUE
5380,TRUE
5381,TRUE
5382,FALSE
5383,FALSE
5384,FALSE
5385,TRUE
5386,TRUE
5387,FALSE
5388,FALSE
5389,TRUE
5390,TRUE
5391,TRUE
5392,TRUE
5393,TRUE
5394,TRUE
5395,FALSE
5396,TRUE
5397,FALSE
5398,TRUE
5399,FALSE
5400,TRUE
5401,FALSE
5402,FALSE
5403,TRUE
5404,TRUE
5405,FALSE
5406,TRUE
5407,TRUE
5408,TRUE
5409,TRUE
5410,FALSE
5411,FALSE
5412,TRUE
5413,FALSE
5414,TRUE
5415,TRUE
5416,TRUE
5417,TRUE
5418,FALSE
5419,TRUE
5420,FALSE
5421,FALSE
5422,TRUE
5423,FALSE
5424,FALSE
5425,TRUE
5426,FALSE
5427,TRUE
5428,FALSE
5429,TRUE
5430,FALSE
5431,TRUE
5432,FALSE
5433,TRUE
5434,FALSE
5435,TRUE
5436,TRUE
5437,FALSE
5438,TRUE
5439,TRUE
5440,TRUE
5441,FALSE
5442,TRUE
5443,TRUE
5444,TRUE
5445,TRUE
5446,FALSE
5447,FALSE
5448,TRUE
5449,TRUE
5450,FALSE
5451,TRUE
5452,TRUE
5453,FALSE
5454,FALSE
5455,FALSE
5456,FALSE
5457,FALSE
5458,TRUE
5459,TRUE
5460,FALSE
5461,FALSE
5462,FALSE
5463,FALSE
5464,TRUE
5465,TRUE
5466,FALSE
5467,TRUE
5468,TRUE
5469,FALSE
5470,TRUE
5471,FALSE
5472,FALSE
5473,TRUE
5474,TRUE
5475,FALSE
5476,FALSE
5477,FALSE
5478,TRUE
5479,FALSE
5480,TRUE
5481,TRUE
5482,TRUE
5483,TRUE
5484,TRUE
5485,FALSE
5486,FALSE
5487,TRUE
5488,FALSE
5489,TRUE
5490,FALSE
5491,TRUE
5492,TRUE
5493,TRUE
5494,TRUE
5495,FALSE
5496,TRUE
5497,TRUE
5498,FALSE
5499,FALSE
5500,TRUE
5501,FALSE
5502,FALSE
5503,TRUE
5504,TRUE
5505,TRUE
5506,FALSE
5507,TRUE
5508,TRUE
5509,TRUE
5510,FALSE
5511,TRUE
5512,FALSE
5513,TRUE
5514,TRUE
5515,FALSE
5516,TRUE
5517,FALSE
5518,FALSE
5519,TRUE
5520,FALSE
5521,TRUE
5522,TRUE
5523,FALSE
5524,TRUE
5525,FALSE
5526,TRUE
5527,FALSE
5528,FALSE
5529,FALSE
5530,FALSE
5531,TRUE
5532,FALSE
5533,FALSE
5534,FALSE
5535,TRUE
5536,TRUE
5537,TRUE
5538,FALSE
5539,TRUE
5540,FALSE
5541,TRUE
5542,TRUE
5543,TRUE
5544,FALSE
5545,TRUE
5546,FALSE
5547,TRUE
5548,TRUE
5549,FALSE
5550,FALSE
5551,FALSE
5552,TRUE
5553,TRUE
5554,TRUE
5555,TRUE
5556,FALSE
5557,FALSE
5558,TRUE
5559,TRUE
5560,TRUE
5561,TRUE
5562,FALSE
5563,TRUE
5564,TRUE
5565,FALSE
5566,TRUE
5567,TRUE
5568,FALSE
5569,TRUE
5570,FALSE
5571,FALSE
5572,TRUE
5573,TRUE
5574,TRUE
5575,TRUE
5576,FALSE
5577,FALSE
5578,FALSE
5579,TRUE
5580,FALSE
5581,TRUE
5582,FALSE
5583,FALSE
5584,FALSE
5585,TRUE
5586,TRUE
5587,TRUE
5588,FALSE
5589,TRUE
5590,TRUE
5591,TRUE
5592,TRUE
5593,TRUE
5594,TRUE
5595,TRUE
5596,FALSE
5597,TRUE
5598,TRUE
5599,FALSE
5600,FALSE
5601,TRUE
5602,TRUE
5603,FALSE
5604,TRUE
5605,FALSE
5606,FALSE
5607,FALSE
5608,FALSE
5609,TRUE
5610,TRUE
5611,FALSE
5612,TRUE
5613,FALSE
5614,TRUE
5615,TRUE
5616,FALSE
5617,FALSE
5618,TRUE
5619,TRUE
5620,FALSE
5621,FALSE
5622,TRUE
5623,TRUE
5624,TRUE
5625,TRUE
5626,FALSE
5627,FALSE
5628,TRUE
5629,FALSE
5630,TRUE
5631,TRUE
5632,TRUE
5633,TRUE
5634,FALSE
5635,FALSE
5636,FALSE
5637,TRUE
5638,FALSE
5639,TRUE
5640,FALSE
5641,FALSE
5642,FALSE
5643,TRUE
5644,FALSE
5645,TRUE
5646,TRUE
5647,FALSE
5648,TRUE
5649,TRUE
5650,TRUE
5651,TRUE
5652,FALSE
5653,FALSE
5654,FALSE
5655,TRUE
5656,FALSE
5657,FALSE
5658,FALSE
5659,TRUE
5660,TRUE
5661,TRUE
5662,TRUE
5663,FALSE
5664,TRUE
5665,FALSE
5666,FALSE
5667,TRUE
5668,TRUE
5669,FALSE
5670,FALSE
5671,FALSE
5672,FALSE
5673,TRUE
5674,TRUE
5675,TRUE
5676,FALSE
5677,FALSE
5678,TRUE
5679,TRUE
5680,TRUE
5681,TRUE
5682,TRUE
5683,TRUE
5684,TRUE
5685,TRUE
5686,TRUE
5687,FALSE
5688,TRUE
5689,FALSE
5690,FALSE
5691,FALSE
5692,FALSE
5693,FALSE
5694,TRUE
5695,TRUE
5696,TRUE
5697,FALSE
5698,FALSE
5699,TRUE
5700,FALSE
5701,FALSE
5702,FALSE
5703,FALSE
5704,FALSE
5705,TRUE
5706,TRUE
5707,TRUE
5708,FALSE
5709,TRUE
5710,TRUE
5711,TRUE
5712,FALSE
5713,FALSE
5714,TRUE
5715,TRUE
5716,TRUE
5717,FALSE
5718,TRUE
5719,TRUE
5720,FALSE
5721,TRUE
5722,FALSE
5723,TRUE
5724,TRUE
5725,FALSE
5726,FALSE
5727,TRUE
5728,TRUE
5729,FALSE
5730,FALSE
5731,TRUE
5732,TRUE
5733,TRUE
5734,TRUE
5735,TRUE
5736,TRUE
5737,TRUE
5738,FALSE
5739,FALSE
5740,FALSE
5741,TRUE
5742,FALSE
5743,TRUE
5744,FALSE
5745,FALSE
5746,FALSE
5747,TRUE
5748,TRUE
5749,TRUE
5750,TRUE
5751,TRUE
5752,TRUE
5753,FALSE
5754,TRUE
5755,FALSE
5756,FALSE
5757,TRUE
5758,FALSE
5759,FALSE
5760,TRUE
5761,TRUE
5762,TRUE
5763,TRUE
5764,FALSE
5765,FALSE
5766,TRUE
5767,FALSE
5768,TRUE
5769,TRUE
5770,FALSE
5771,TRUE
5772,TRUE
5773,TRUE
5774,TRUE
5775,FALSE
5776,FALSE
5777,TRUE
5778,TRUE
5779,TRUE
5780,FALSE
5781,TRUE
5782,TRUE
5783,TRUE
5784,TRUE
5785,FALSE
5786,TRUE
5787,TRUE
5788,FALSE
5789,FALSE
5790,TRUE
5791,FALSE
5792,TRUE
5793,FALSE
5794,TRUE
5795,FALSE
5796,TRUE
5797,TRUE
5798,FALSE
5799,TRUE
5800,TRUE
5801,TRUE
5802,TRUE
5803,TRUE
5804,FALSE
5805,FALSE
5806,TRUE
5807,TRUE
5808,FALSE
5809,TRUE
5810,FALSE
5811,TRUE
5812,FALSE
5813,TRUE
5814,FALSE
5815,TRUE
5816,TRUE
5817,TRUE
5818,TRUE
5819,TRUE
5820,FALSE
5821,TRUE
5822,FALSE
5823,TRUE
5824,TRUE
5825,FALSE
5826,TRUE
5827,FALSE
5828,TRUE
5829,TRUE
5830,FALSE
5831,FALSE
5832,TRUE
5833,FALSE
5834,FALSE
5835,TRUE
5836,TRUE
5837,TRUE
5838,FALSE
5839,TRUE
5840,FALSE
5841,TRUE
5842,TRUE
5843,TRUE
5844,TRUE
5845,FALSE
5846,FALSE
5847,FALSE
5848,TRUE
5849,FALSE
5850,FALSE
5851,TRUE
5852,FALSE
5853,TRUE
5854,TRUE
5855,FALSE
5856,TRUE
5857,TRUE
5858,TRUE
5859,FALSE
5860,FALSE
5861,FALSE
5862,TRUE
5863,TRUE
5864,TRUE
5865,FALSE
5866,TRUE
5867,TRUE
5868,FALSE
5869,FALSE
5870,FALSE
5871,TRUE
5872,FALSE
5873,FALSE
5874,TRUE
5875,TRUE
5876,TRUE
5877,TRUE
5878,TRUE
5879,TRUE
5880,FALSE
5881,TRUE
5882,FALSE
5883,TRUE
5884,TRUE
5885,FALSE
5886,TRUE
5887,TRUE
5888,TRUE
5889,FALSE
5890,FALSE
5891,TRUE
5892,FALSE
5893,TRUE
5894,TRUE
5895,FALSE
5896,TRUE
5897,TRUE
5898,FALSE
5899,TRUE
5900,FALSE
5901,TRUE
5902,FALSE
5903,TRUE
5904,TRUE
5905,TRUE
5906,TRUE
5907,TRUE
5908,TRUE
5909,FALSE
5910,FALSE
5911,TRUE
5912,TRUE
5913,TRUE
5914,TRUE
5915,FALSE
5916,TRUE
5917,TRUE
5918,TRUE
5919,TRUE
5920,TRUE
5921,TRUE
5922,FALSE
5923,TRUE
5924,TRUE
5925,TRUE
5926,TRUE
5927,FALSE
5928,TRUE
5929,TRUE
5930,FALSE
5931,TRUE
5932,FALSE
5933,FALSE
5934,FALSE
5935,FALSE
5936,TRUE
5937,FALSE
5938,TRUE
5939,FALSE
5940,FALSE
5941,TRUE
5942,FALSE
5943,FALSE
5944,FALSE
5945,TRUE
5946,TRUE
5947,TRUE
5948,TRUE
5949,TRUE
5950,TRUE
5951,TRUE
5952,FALSE
5953,FALSE
5954,TRUE
5955,FALSE
5956,TRUE
5957,TRUE
5958,TRUE
5959,TRUE
5960,TRUE
5961,TRUE
5962,TRUE
5963,FALSE
5964,FALSE
5965,TRUE
5966,TRUE
5967,TRUE
5968,TRUE
5969,TRUE
5970,TRUE
5971,TRUE
5972,TRUE
5973,FALSE
5974,TRUE
5975,TRUE
5976,TRUE
5977,TRUE
5978,TRUE
5979,TRUE
5980,TRUE
5981,FALSE
5982,TRUE
5983,FALSE
5984,TRUE
5985,TRUE
5986,TRUE
5987,TRUE
5988,TRUE
5989,TRUE
5990,TRUE
5991,TRUE
5992,TRUE
5993,TRUE
5994,TRUE
5995,TRUE
5996,TRUE
5997,FALSE
5998,FALSE
5999,TRUE
6000,TRUE
6001,TRUE
6002,FALSE
6003,FALSE
6004,TRUE
6005,TRUE
6006,FALSE
6007,TRUE
6008,TRUE
6009,TRUE
6010,FALSE
6011,FALSE
6012,TRUE
6013,FALSE
6014,TRUE
6015,TRUE
6016,FALSE
6017,TRUE
6018,FALSE
6019,FALSE
6020,TRUE
6021,TRUE
6022,FALSE
6023,TRUE
6024,FALSE
6025,TRUE
6026,TRUE
6027,TRUE
6028,TRUE
6029,TRUE
6030,TRUE
6031,FALSE
6032,TRUE
6033,TRUE
6034,TRUE
6035,FALSE
6036,FALSE
6037,TRUE
6038,TRUE
6039,FALSE
6040,TRUE
6041,TRUE
6042,FALSE
6043,TRUE
6044,TRUE
6045,FALSE
6046,TRUE
6047,FALSE
6048,TRUE
6049,TRUE
6050,FALSE
6051,TRUE
6052,FALSE
6053,FALSE
6054,FALSE
6055,FALSE
6056,TRUE
6057,TRUE
6058,FALSE
6059,TRUE
6060,FALSE
6061,TRUE
6062,FALSE
6063,TRUE
6064,FALSE
6065,TRUE
6066,TRUE
6067,FALSE
6068,FALSE
6069,TRUE
6070,FALSE
6071,TRUE
6072,FALSE
6073,TRUE
6074,FALSE
6075,TRUE
6076,TRUE
6077,TRUE
6078,FALSE
6079,TRUE
6080,TRUE
6081,FALSE
6082,FALSE
6083,TRUE
6084,FALSE
6085,FALSE
6086,TRUE
6087,TRUE
6088,TRUE
6089,TRUE
6090,TRUE
6091,TRUE
6092,TRUE
6093,TRUE
6094,FALSE
6095,TRUE
6096,FALSE
6097,TRUE
6098,FALSE
6099,TRUE
6100,TRUE
6101,FALSE
6102,TRUE
6103,FALSE
6104,FALSE
6105,TRUE
6106,TRUE
6107,TRUE
6108,FALSE
6109,TRUE
6110,FALSE
6111,TRUE
6112,FALSE
6113,TRUE
6114,TRUE
6115,TRUE
6116,TRUE
6117,TRUE
6118,TRUE
6119,TRUE
6120,TRUE
6121,TRUE
6122,TRUE
6123,FALSE
6124,FALSE
6125,TRUE
6126,FALSE
6127,FALSE
6128,TRUE
6129,TRUE
6130,TRUE
6131,TRUE
6132,TRUE
6133,TRUE
6134,TRUE
6135,FALSE
6136,FALSE
6137,FALSE
6138,TRUE
6139,TRUE
6140,FALSE
6141,TRUE
6142,TRUE
6143,TRUE
6144,FALSE
6145,FALSE
6146,TRUE
6147,FALSE
6148,TRUE
6149,FALSE
6150,FALSE
6151,TRUE
6152,TRUE
6153,TRUE
6154,TRUE
6155,TRUE
6156,TRUE
6157,FALSE
6158,FALSE
6159,TRUE
6160,FALSE
6161,FALSE
6162,FALSE
6163,TRUE
6164,TRUE
6165,TRUE
6166,TRUE
6167,FALSE
6168,FALSE
6169,TRUE
6170,TRUE
6171,TRUE
6172,TRUE
6173,TRUE
6174,TRUE
6175,FALSE
6176,FALSE
6177,TRUE
6178,TRUE
6179,TRUE
6180,TRUE
6181,TRUE
6182,FALSE
6183,TRUE
6184,TRUE
6185,TRUE
6186,FALSE
6187,TRUE
6188,TRUE
6189,TRUE
6190,FALSE
6191,FALSE
6192,TRUE
6193,FALSE
6194,FALSE
6195,TRUE
6196,TRUE
6197,TRUE
6198,TRUE
6199,FALSE
6200,FALSE
6201,FALSE
6202,TRUE
6203,TRUE
6204,TRUE
6205,FALSE
6206,FALSE
6207,FALSE
6208,FALSE
6209,TRUE
6210,TRUE
6211,TRUE
6212,TRUE
6213,TRUE
6214,FALSE
6215,TRUE
6216,TRUE
6217,TRUE
6218,TRUE
6219,FALSE
6220,FALSE
6221,FALSE
6222,TRUE
6223,TRUE
6224,TRUE
6225,TRUE
6226,TRUE
6227,TRUE
6228,TRUE
6229,TRUE
6230,FALSE
6231,TRUE
6232,FALSE
6233,TRUE
6234,TRUE
6235,TRUE
6236,FALSE
6237,TRUE
6238,FALSE
6239,FALSE
6240,TRUE
6241,TRUE
6242,TRUE
6243,TRUE
6244,TRUE
6245,TRUE
6246,FALSE
6247,FALSE
6248,TRUE
6249,FALSE
6250,FALSE
6251,FALSE
6252,FALSE
6253,TRUE
6254,FALSE
6255,FALSE
6256,FALSE
6257,TRUE
6258,TRUE
6259,TRUE
6260,FALSE
6261,FALSE
6262,TRUE
6263,FALSE
6264,TRUE
6265,TRUE
6266,TRUE
6267,TRUE
6268,TRUE
6269,FALSE
6270,TRUE
6271,FALSE
6272,TRUE
6273,FALSE
6274,TRUE
6275,FALSE
6276,TRUE
6277,FALSE
6278,TRUE
6279,TRUE
6280,TRUE
6281,TRUE
6282,TRUE
6283,TRUE
6284,TRUE
6285,TRUE
6286,TRUE
6287,FALSE
6288,FALSE
6289,FALSE
6290,TRUE
6291,TRUE
6292,TRUE
6293,TRUE
6294,FALSE
6295,FALSE
6296,TRUE
6297,TRUE
6298,TRUE
6299,FALSE
6300,TRUE
6301,TRUE
6302,FALSE
6303,TRUE
6304,TRUE
6305,TRUE
6306,TRUE
6307,TRUE
6308,FALSE
6309,FALSE
6310,TRUE
6311,TRUE
6312,TRUE
6313,FALSE
6314,FALSE
6315,FALSE
6316,FALSE
6317,FALSE
6318,FALSE
6319,TRUE
6320,FALSE
6321,TRUE
6322,FALSE
6323,TRUE
6324,TRUE
6325,FALSE
6326,FALSE
6327,FALSE
6328,TRUE
6329,TRUE
6330,TRUE
6331,TRUE
6332,FALSE
6333,FALSE
6334,FALSE
6335,TRUE
6336,FALSE
6337,TRUE
6338,TRUE
6339,FALSE
6340,TRUE
6341,TRUE
6342,FALSE
6343,FALSE
6344,FALSE
6345,TRUE
6346,FALSE
6347,TRUE
6348,FALSE
6349,FALSE
6350,FALSE
6351,FALSE
6352,TRUE
6353,FALSE
6354,TRUE
6355,FALSE
6356,FALSE
6357,TRUE
6358,FALSE
6359,TRUE
6360,TRUE
6361,FALSE
6362,FALSE
6363,TRUE
6364,TRUE
6365,TRUE
6366,FALSE
6367,FALSE
6368,TRUE
6369,FALSE
6370,FALSE
6371,FALSE
6372,TRUE
6373,FALSE
6374,FALSE
6375,FALSE
6376,FALSE
6377,TRUE
6378,FALSE
6379,TRUE
6380,TRUE
6381,TRUE
6382,FALSE
6383,FALSE
6384,TRUE
6385,TRUE
6386,TRUE
6387,TRUE
6388,FALSE
6389,FALSE
6390,FALSE
6391,FALSE
6392,TRUE
6393,TRUE
6394,FALSE
6395,TRUE
6396,TRUE
6397,TRUE
6398,FALSE
6399,FALSE
6400,TRUE
6401,FALSE
6402,TRUE
6403,TRUE
6404,TRUE
6405,TRUE
6406,TRUE
6407,TRUE
6408,FALSE
6409,TRUE
6410,FALSE
6411,TRUE
6412,FALSE
6413,FALSE
6414,TRUE
6415,TRUE
6416,TRUE
6417,TRUE
6418,TRUE
6419,TRUE
6420,TRUE
6421,TRUE
6422,TRUE
6423,TRUE
6424,TRUE
6425,FALSE
6426,TRUE
6427,FALSE
6428,FALSE
6429,FALSE
6430,FALSE
6431,TRUE
6432,FALSE
6433,FALSE
6434,FALSE
6435,TRUE
6436,FALSE
6437,TRUE
6438,FALSE
6439,FALSE
6440,TRUE
6441,TRUE
6442,TRUE
6443,TRUE
6444,TRUE
6445,TRUE
6446,FALSE
6447,TRUE
6448,TRUE
6449,TRUE
6450,FALSE
6451,FALSE
6452,TRUE
6453,TRUE
6454,TRUE
6455,TRUE
6456,TRUE
6457,TRUE
6458,FALSE
6459,FALSE
6460,TRUE
6461,FALSE
6462,TRUE
6463,FALSE
6464,FALSE
6465,FALSE
6466,TRUE
6467,FALSE
6468,FALSE
6469,FALSE
6470,TRUE
6471,TRUE
6472,FALSE
6473,TRUE
6474,TRUE
6475,FALSE
6476,FALSE
6477,TRUE
6478,FALSE
6479,FALSE
6480,TRUE
6481,FALSE
6482,TRUE
6483,FALSE
6484,TRUE
6485,FALSE
6486,TRUE
6487,TRUE
6488,FALSE
6489,FALSE
6490,FALSE
6491,TRUE
6492,TRUE
6493,FALSE
6494,TRUE
6495,FALSE
6496,FALSE
6497,TRUE
6498,TRUE
6499,FALSE
6500,FALSE
6501,TRUE
6502,FALSE
6503,FALSE
6504,FALSE
6505,TRUE
6506,FALSE
6507,TRUE
6508,FALSE
6509,TRUE
6510,TRUE
6511,TRUE
6512,TRUE
6513,TRUE
6514,FALSE
6515,TRUE
6516,FALSE
6517,TRUE
6518,FALSE
6519,FALSE
6520,TRUE
6521,FALSE
6522,FALSE
6523,TRUE
6524,TRUE
6525,TRUE
6526,FALSE
6527,TRUE
6528,TRUE
6529,TRUE
6530,FALSE
6531,TRUE
6532,TRUE
6533,TRUE
6534,TRUE
6535,FALSE
6536,TRUE
6537,FALSE
6538,TRUE
6539,FALSE
6540,FALSE
6541,FALSE
6542,TRUE
6543,TRUE
6544,TRUE
6545,TRUE
6546,FALSE
6547,FALSE
6548,TRUE
6549,FALSE
6550,TRUE
6551,FALSE
6552,FALSE
6553,TRUE
6554,TRUE
6555,TRUE
6556,TRUE
6557,FALSE
6558,FALSE
6559,TRUE
6560,FALSE
6561,TRUE
6562,FALSE
6563,TRUE
6564,FALSE
6565,TRUE
6566,TRUE
6567,FALSE
6568,TRUE
6569,FALSE
6570,TRUE
6571,TRUE
6572,TRUE
6573,TRUE
6574,TRUE
6575,TRUE
6576,TRUE
6577,FALSE
6578,TRUE
6579,FALSE
6580,TRUE
6581,FALSE
6582,TRUE
6583,TRUE
6584,TRUE
6585,FALSE
6586,FALSE
6587,TRUE
6588,FALSE
6589,FALSE
6590,TRUE
6591,TRUE
6592,TRUE
6593,FALSE
6594,FALSE
6595,FALSE
6596,TRUE
6597,TRUE
6598,FALSE
6599,TRUE
6600,TRUE
6601,FALSE
6602,TRUE
6603,FALSE
6604,TRUE
6605,FALSE
6606,TRUE
6607,TRUE
6608,TRUE
6609,FALSE
6610,TRUE
6611,TRUE
6612,TRUE
6613,FALSE
6614,TRUE
6615,TRUE
6616,FALSE
6617,FALSE
6618,FALSE
6619,TRUE
6620,TRUE
6621,TRUE
6622,FALSE
6623,TRUE
6624,FALSE
6625,TRUE
6626,FALSE
6627,TRUE
6628,TRUE
6629,TRUE
6630,TRUE
6631,TRUE
6632,TRUE
6633,TRUE
6634,TRUE
6635,TRUE
6636,FALSE
6637,TRUE
6638,TRUE
6639,FALSE
6640,FALSE
6641,TRUE
6642,TRUE
6643,TRUE
6644,TRUE
6645,FALSE
6646,FALSE
6647,TRUE
6648,FALSE
6649,TRUE
6650,TRUE
6651,TRUE
6652,FALSE
6653,FALSE
6654,FALSE
6655,FALSE
6656,FALSE
6657,TRUE
6658,FALSE
6659,TRUE
6660,TRUE
6661,TRUE
6662,TRUE
6663,FALSE
6664,FALSE
6665,TRUE
6666,FALSE
6667,TRUE
6668,TRUE
6669,TRUE
6670,TRUE
6671,TRUE
6672,FALSE
6673,FALSE
6674,FALSE
6675,TRUE
6676,FALSE
6677,FALSE
6678,TRUE
6679,TRUE
6680,TRUE
6681,FALSE
6682,FALSE
6683,FALSE
6684,FALSE
6685,FALSE
6686,TRUE
6687,TRUE
6688,TRUE
6689,TRUE
6690,TRUE
6691,TRUE
6692,TRUE
6693,FALSE
6694,FALSE
6695,TRUE
6696,FALSE
6697,TRUE
6698,TRUE
6699,TRUE
6700,TRUE
6701,FALSE
6702,FALSE
6703,TRUE
6704,FALSE
6705,FALSE
6706,FALSE
6707,TRUE
6708,TRUE
6709,FALSE
6710,TRUE
6711,TRUE
6712,TRUE
6713,TRUE
6714,FALSE
6715,TRUE
6716,FALSE
6717,TRUE
6718,TRUE
6719,FALSE
6720,TRUE
6721,TRUE
6722,TRUE
6723,FALSE
6724,FALSE
6725,FALSE
6726,TRUE
6727,FALSE
6728,FALSE
6729,TRUE
6730,TRUE
6731,FALSE
6732,FALSE
6733,TRUE
6734,FALSE
6735,FALSE
6736,TRUE
6737,FALSE
6738,TRUE
6739,TRUE
6740,TRUE
6741,FALSE
6742,FALSE
6743,TRUE
6744,TRUE
6745,TRUE
6746,FALSE
6747,TRUE
6748,TRUE
6749,TRUE
6750,TRUE
6751,TRUE
6752,TRUE
6753,FALSE
6754,FALSE
6755,TRUE
6756,FALSE
6757,TRUE
6758,TRUE
6759,FALSE
6760,TRUE
6761,TRUE
6762,TRUE
6763,TRUE
6764,TRUE
6765,FALSE
6766,TRUE
6767,FALSE
6768,TRUE
6769,FALSE
6770,FALSE
6771,TRUE
6772,TRUE
6773,FALSE
6774,FALSE
6775,TRUE
6776,TRUE
6777,TRUE
6778,TRUE
6779,TRUE
6780,FALSE
6781,FALSE
6782,FALSE
6783,TRUE
6784,TRUE
6785,FALSE
6786,FALSE
6787,TRUE
6788,TRUE
6789,FALSE
6790,FALSE
6791,FALSE
6792,FALSE
6793,TRUE
6794,FALSE
6795,TRUE
6796,TRUE
6797,FALSE
6798,TRUE
6799,FALSE
6800,FALSE
6801,TRUE
6802,TRUE
6803,TRUE
6804,TRUE
6805,TRUE
6806,TRUE
6807,FALSE
6808,TRUE
6809,TRUE
6810,FALSE
6811,TRUE
6812,FALSE
6813,TRUE
6814,TRUE
6815,TRUE
6816,FALSE
6817,FALSE
6818,TRUE
6819,TRUE
6820,FALSE
6821,FALSE
6822,TRUE
6823,TRUE
6824,FALSE
6825,TRUE
6826,TRUE
6827,FALSE
6828,FALSE
6829,TRUE
6830,FALSE
6831,FALSE
6832,TRUE
6833,FALSE
6834,TRUE
6835,FALSE
6836,TRUE
6837,TRUE
6838,TRUE
6839,FALSE
6840,FALSE
6841,FALSE
6842,TRUE
6843,FALSE
6844,FALSE
6845,FALSE
6846,TRUE
6847,TRUE
6848,TRUE
6849,FALSE
6850,TRUE
6851,FALSE
6852,TRUE
6853,TRUE
6854,TRUE
6855,TRUE
6856,FALSE
6857,TRUE
6858,TRUE
6859,TRUE
6860,FALSE
6861,FALSE
6862,FALSE
6863,TRUE
6864,FALSE
6865,FALSE
6866,TRUE
6867,FALSE
6868,FALSE
6869,TRUE
6870,FALSE
6871,TRUE
6872,FALSE
6873,TRUE
6874,TRUE
6875,FALSE
6876,FALSE
6877,FALSE
6878,FALSE
6879,TRUE
6880,TRUE
6881,FALSE
6882,TRUE
6883,FALSE
6884,FALSE
6885,TRUE
6886,TRUE
6887,FALSE
6888,TRUE
6889,FALSE
6890,TRUE
6891,TRUE
6892,TRUE
6893,FALSE
6894,FALSE
6895,FALSE
6896,TRUE
6897,FALSE
6898,FALSE
6899,TRUE
6900,TRUE
6901,TRUE
6902,TRUE
6903,FALSE
6904,FALSE
6905,TRUE
6906,FALSE
6907,TRUE
6908,TRUE
6909,FALSE
6910,TRUE
6911,TRUE
6912,TRUE
6913,TRUE
6914,TRUE
6915,TRUE
6916,TRUE
6917,FALSE
6918,TRUE
6919,TRUE
6920,FALSE
6921,FALSE
6922,FALSE
